wordOrder,spelling
1,abandon
2,abatement 
3,abdomen
4,abide
5,abnormal
6,aboard
7,abolish
8,abound
9,above
10,abroad
11,abrupt
12,absence
13,absent
14,absolute
15,abstract
16,absurd
17,academic
18,academy
19,accelerate
20,accept
21,acceptable 
22,access
23,accessory
24,accident
25,acclaim
26,accommodate
27,accompany
28,accomplish
29,accord
30,accordance 
31,according to
32,accordingly
33,account
34,accountant
35,accumulate
36,accuracy
37,accurate
38,accuse
39,accustomed
40,ache 
41,acid
42,acknowledge
43,acquaint
44,acquaintance
45,acquire
46,acquisition
47,acrobat
48,across
49,act
50,action
51,activate
52,active
53,activity 
54,actor
55,actress
56,actual
57,acute
58,adapt
59,add
60,addict
61,addition
62,additional
63,address
64,adequate
65,adhere
66,adjacent
67,adjoin
68,adjust
69,administer
70,administration
71,admission
72,admit
73,adolescent
74,adopt
75,adore
76,adult
77,advance
78,advanced
79,advantage
80,advent
81,adventure
82,adverb
83,adverse
84,advice
85,advise
86,advocate
87,aerial
88,aeroplane 
89,aesthetic
90,affair
91,affect
92,affection
93,affiliate
94,affluent
95,afford
96,afraid
97,afterward
98,again
99,against
100,agency
101,agenda
102,agent
103,aggressive
104,agitate
105,agree
106,agreeable
107,agreement
108,ahead
109,aid
110,air
111,air-conditioning 
112,aircraft 
113,airline
114,airport
115,aisle
116,alarm
117,album
118,alcohol
119,alert
120,alien
121,alike
122,alive
123,allege
124,alleviate
125,alliance
126,allocate
127,alloy
128,ally
129,almost
130,alone
131,along
132,aloud
133,alphabet
134,already
135,alter
136,alternate
137,alternative
138,although
139,altitude
140,altogether
141,aluminum
142,always
143,amateur
144,amaze
145,ambassador
146,ambition
147,ambulance
148,amend
149,amiable
150,amid
151,among
152,ample
153,amplifier
154,amplify
155,analogue
156,analogy
157,analyse
158,analysis
159,ancestor
160,anchor
161,ancient
162,and
163,anecdote
164,anger
165,angle
166,angry
167,anguish
168,animal
169,ankle
170,anniversary
171,announce
172,annoy
173,annual
174,anonymous
175,ant
176,antenna
177,anticipate
178,antique
179,anxiety
180,anxious
181,anyhow
182,anywhere
183,apart
184,apartment
185,apologise
186,apology 
187,appal
188,apparent
189,appeal
190,appendix
191,appetite
192,applaud
193,applause
194,appliance
195,applicable
196,application
197,apply
198,appoint
199,appointment
200,appraisal
201,approach
202,appropriate
203,approval
204,approve
205,approximate
206,apt
207,arbitrary
208,arch
209,architect
210,architecture
211,area 
212,argue
213,argument
214,arithmetic
215,arm
216,around
217,arouse
218,arrange
219,array
220,arrest
221,arrive
222,arrogant
223,arrow
224,artery
225,article
226,articulate
227,artificial
228,artist
229,artistic
230,ascertain
231,ash
232,ashamed 
233,ashore
234,aside
235,asleep
236,aspire
237,assassinate
238,assault
239,assemble
240,assembly
241,assert
242,assess
243,asset
244,assign
245,assignment
246,assimilate
247,assist
248,assistance
249,assistant
250,association
251,assume
252,assumption
253,assurance
254,astronaut
255,at
256,athlete
257,atmosphere
258,attach
259,attain
260,attempt
261,attend
262,attendance
263,attendant
264,attention
265,attitude
266,attorney
267,attractive
268,attribute
269,auction
270,audio
271,audit 
272,auditorium
273,augment
274,aunt
275,aural
276,authentic
277,author
278,authority
279,auto
280,automatic
281,autonomy
282,avail
283,available
284,avenue
285,average
286,avert
287,aviation
288,avoid
289,await
290,awake
291,aware
292,away
293,awe
294,awful
295,awkward
296,axis
297,back
298,backward
299,bacon
300,badge
301,badly
302,badminton
303,bag
304,bait
305,bake
306,balance
307,bald
308,ball
309,ballet
310,balloon
311,ballot
312,ban
313,bandage
314,bang
315,bank
316,bankrupt
317,banquet
318,bar
319,barbecue
320,barber
321,bare
322,barely
323,bargain
324,bark
325,barn
326,barrel
327,barrier
328,base
329,basement
330,basin
331,basis
332,basketball
333,batch
334,bath
335,bathroom 
336,battle
337,bay
338,beach
339,beam
340,bean
341,beard
342,bearing
343,beast
344,beat
345,beautiful
346,beauty
347,because 
348,bee
349,beef
350,before
351,beforehand
352,beg 
353,beginning
354,behalf
355,behavior
356,behind
357,being
358,belief
359,believe
360,bell
361,belly
362,belong
363,beloved
364,below
365,belt
366,bench
367,bend
368,benefit
369,benign
370,beside
371,betray
372,beware
373,bias
374,Bible
375,bin
376,biography
377,biology
378,birth
379,birthday
380,biscuit
381,bit
382,bitter
383,bizarre
384,black
385,blade
386,blame
387,blank
388,blanket
389,blast
390,blaze
391,bleak
392,bleed
393,blend
394,blind
395,block
396,bloody
397,bloom
398,blouse
399,blow
400,blueprint
401,blunder
402,blunt
403,blush
404,board
405,boast
406,boat
407,body
408,boil
409,bold
410,bomb
411,bond
412,bonus
413,book
414,boom
415,boost
416,boot
417,booth
418,border
419,bore
420,born
421,borrow
422,bosom
423,bother
424,bottle
425,bottom
426,bounce
427,bound
428,boundary
429,bowel
430,bowl
431,bowling
432,box
433,boycott
434,brace
435,bracket
436,brain
437,brake
438,branch
439,brand
440,brandy
441,brass
442,breach
443,bread
444,breadth
445,breakdown
446,breakfast
447,breast
448,breath
449,breathe
450,breeze
451,bribe
452,brick
453,bridge
454,brief
455,briefcase
456,bright
457,brilliant
458,brim
459,bring
460,brisk
461,brittle
462,broadcast 
463,brochure
464,bronze
465,brook
466,broom
467,brother
468,brow
469,browse
470,brush
471,brutal
472,bucket
473,bud
474,budget
475,buffet
476,bug
477,build
478,building
479,bulb
480,bulk
481,bull
482,bullet
483,bulletin 
484,bully
485,bump
486,bunch
487,bundle
488,burden
489,bureau
490,burn
491,burst
492,bury
493,bus
494,bush
495,business
496,busy
497,butcher
498,butter
499,butterfly
500,button
501,buy
502,by
503,cabbage
504,cabin
505,cabinet
506,cable
507,cafeteria
508,cage
509,cake
510,calcium 
511,calculate
512,calendar
513,calorie
514,camel
515,camera
516,campus
517,can
518,canal
519,cancel
520,candidate
521,candle
522,cannon
523,canoe
524,canvas
525,cap
526,capable
527,capacity
528,cape 
529,capital
530,capitalism
531,capsule
532,captain
533,carbohydrate
534,card
535,cardinal
536,care
537,career
538,caress
539,cargo
540,carpenter
541,carpet
542,carriage
543,carrier
544,carrot
545,carry
546,cart
547,carve
548,case
549,cashier
550,cassette
551,cast
552,castle
553,casual
554,casualty
555,cat
556,catastrophe
557,catch
558,category
559,cathedral
560,Catholic
561,cattle
562,cause
563,caution
564,cautious
565,cave
566,cease
567,ceiling
568,celebrate
569,celebrity
570,cell
571,cellar
572,cement
573,cemetery
574,census
575,centigrade
576,centimetre
577,central
578,century
579,cereal
580,ceremony
581,certain
582,certainty
583,certificate
584,certify
585,chair
586,chairman
587,challenge
588,chamber
589,champagne
590,champion
591,chance
592,chancellor
593,change
594,channel
595,chaos
596,chap
597,chapter
598,character
599,characteristic
600,characterize
601,charge
602,charity
603,chart
604,charter
605,chase
606,chat
607,cheap
608,cheat
609,cheek
610,cheese
611,chef 
612,chemical
613,chemist
614,chemistry
615,cheque
616,cherish
617,chess
618,chest
619,chew
620,chicken
621,child
622,childhood
623,chill
624,chimney
625,chin
626,china
627,chocolate
628,choke
629,choose
630,Christian
631,chronic
632,church
633,cigar
634,cigaret
635,cinema
636,circuit
637,circular
638,circumference
639,circus
640,citizen
641,civil
642,civilian
643,civilization
644,civilize
645,claim
646,clap
647,clarity
648,clash
649,clasp
650,class
651,classic
652,classical
653,classify
654,classroom
655,clause
656,claw
657,clay
658,clean
659,clergy
660,clerk
661,clever
662,click
663,cliff
664,climate
665,climax
666,climb
667,cling
668,clinic
669,clip
670,cloak
671,clock
672,clockwise
673,close
674,closet
675,cloth
676,clothe
677,clothing
678,cloudy
679,club
680,clue
681,clumsy
682,cluster
683,coal
684,coalition
685,coarse
686,coast
687,coat
688,cocaine
689,cock
690,code
691,cognitive
692,coherent
693,cohesive
694,coil
695,coincide
696,coke
697,cold
698,collaborate
699,collar
700,colleague
701,collect
702,collection
703,collective
704,college
705,collision
706,colonel
707,colonial
708,colony
709,color
710,column
711,comb
712,combat
713,combination
714,combine
715,come
716,comedy
717,comfort
718,comfortable
719,comic
720,command
721,commemorate
722,commence
723,commend
724,comment
725,commerce
726,commercial
727,commodity
728,common
729,commonplace
730,commonwealth
731,communicate
732,communication
733,communism
734,compact
735,companion
736,company
737,comparable
738,comparative
739,compare
740,comparison
741,compartment
742,compass
743,compatible
744,compel
745,compensate
746,compete
747,competent
748,competition
749,compile
750,complain
751,complaint
752,complement
753,complex
754,complicated
755,complication
756,compliment
757,comply
758,component
759,compose
760,composite
761,composition
762,compound
763,comprehend
764,comprehension
765,comprehensive
766,compress
767,comprise
768,compromise
769,compulsory
770,comrade
771,conceal
772,conceive
773,concentrate
774,concentration
775,concept
776,concern
777,concerning
778,concert
779,concession
780,concise
781,conclude
782,concrete
783,condense
784,condition
785,conductor
786,confer
787,conference
788,confess
789,confidence
790,confident
791,confidential
792,confirm
793,conflict
794,conform
795,confusion
796,congratulate
797,conjunction
798,connect
799,connection
800,conquer
801,conquest
802,conscience
803,conscious
804,consensus
805,consent
806,consequence
807,consequently
808,conservation
809,conservative
810,consider
811,considerable
812,considerate
813,consideration
814,consist
815,console
816,conspiracy
817,constant
818,constituent
819,constitute
820,constitution
821,constrain
822,construct
823,construction
824,consultant
825,consume
826,consumption
827,contact
828,container
829,contaminate
830,contemplate
831,contempt
832,contend
833,contest
834,context
835,continent
836,continual
837,continue
838,continuous 
839,contract
840,contradict
841,contradiction
842,contrary
843,contrast
844,contribution
845,contrive
846,controversial
847,controversy
848,convenience
849,convenient
850,convention
851,conventional
852,conversation
853,conversely
854,conversion
855,convert
856,convey
857,convict
858,conviction
859,convince
860,cook
861,cool
862,cooperate
863,cooperative
864,coordinates
865,cope
866,copper
867,copy
868,copyright
869,cord
870,cordial
871,core
872,corner
873,corporation
874,correlate
875,correspond
876,correspondence
877,correspondent
878,corresponding
879,corridor
880,corrode
881,corrupt
882,cosmic
883,cost
884,costly
885,costume
886,cottage
887,cotton
888,couch
889,cough
890,could
891,council
892,counsel
893,count
894,counter
895,counterpart
896,country
897,couple
898,coupon
899,courage
900,course
901,court
902,courtesy
903,courtyard
904,cover
905,crab
906,crack
907,cradle
908,craft
909,crane
910,crawl
911,crazy
912,create
913,creative
914,creature
915,credit
916,creep
917,crew
918,cricket
919,crime
920,criminal
921,cripple
922,crisp
923,criterion
924,critic
925,critical
926,criticism
927,criticize
928,crop
929,cross
930,crow
931,crown
932,crucial
933,cruel
934,cruise
935,crush
936,crust
937,cry
938,cube
939,cucumber
940,cue
941,cultivate
942,cunning
943,cupboard
944,curb
945,cure
946,curiosity
947,curious
948,curl
949,currency
950,curse
951,curtain
952,curve
953,cushion
954,custom
955,customary
956,customer
957,cut
958,cyberspace
959,cycle
960,daily
961,dairy
962,dam
963,damage
964,damn
965,damp
966,dance
967,danger
968,dangerous
969,dark
970,dash
971,data
972,database
973,date
974,daylight
975,daytime
976,dazzle
977,dead
978,deadline
979,deadly
980,deaf
981,dealer
982,dean
983,debate
984,debt
985,decade
986,decay
987,deceit
988,deceive
989,decent
990,decide
991,decimal
992,decision
993,decisive
994,deck
995,declaration
996,declare
997,decline
998,decorate
999,decrease
1000,deduct
1001,deed
1002,deem
1003,deep
1004,defect
1005,defence
1006,deficiency
1007,deficit
1008,define
1009,definite
1010,definition
1011,defy
1012,degenerate
1013,degree
1014,delay
1015,delegate
1016,delete
1017,deliberate
1018,delicate
1019,delight
1020,delivery
1021,demand
1022,democracy
1023,democratic
1024,demonstrate
1025,denote
1026,denounce
1027,dense
1028,density
1029,dental
1030,deny
1031,department
1032,dependent
1033,depict
1034,deposit
1035,depress
1036,deprive
1037,depth
1038,deputy
1039,derive
1040,descent
1041,describe
1042,description 
1043,desert
1044,design
1045,desirable
1046,desire
1047,desk
1048,desolate
1049,despatch
1050,desperate
1051,despise
1052,destination
1053,destiny
1054,destruction
1055,detach
1056,detail
1057,detain
1058,detect
1059,deteriorate
1060,determine
1061,develop
1062,deviate
1063,device
1064,devil
1065,devise
1066,devote
1067,dew
1068,diagnose
1069,diagram
1070,dialect
1071,dialog
1072,diameter
1073,diamond
1074,diary
1075,dictate
1076,dictionary
1077,die
1078,diet
1079,differ
1080,difference
1081,different
1082,differentiate
1083,difficult
1084,difficulty
1085,diffuse
1086,digest
1087,digital
1088,dignity
1089,dilemma
1090,diligent
1091,dimension
1092,diminish
1093,dine
1094,dinner
1095,dip
1096,diplomatic
1097,direct
1098,directly
1099,director
1100,directory
1101,dirt
1102,dirty
1103,disable
1104,disappoint
1105,disastrous
1106,disc
1107,discard
1108,discern
1109,discharge
1110,discipline
1111,discount
1112,discourage
1113,discourse
1114,discover
1115,discreet
1116,discrepancy
1117,discuss
1118,disease
1119,disgrace
1120,disguise
1121,disgust
1122,dish
1123,dislike
1124,dismiss
1125,disorder
1126,disperse
1127,displace
1128,display
1129,disposal
1130,dispute
1131,disregard
1132,disrupt
1133,dissipate
1134,dissolve
1135,distance
1136,distant
1137,distill
1138,distinct
1139,distinction
1140,distinguish
1141,distort
1142,distract
1143,distress
1144,distribute
1145,district
1146,disturb
1147,disturbance
1148,ditch
1149,dive
1150,diverse
1151,diversion
1152,divert
1153,divide
1154,dividend
1155,divine
1156,division
1157,divorce
1158,dizzy
1159,do
1160,dock
1161,doctor
1162,doctorate
1163,document
1164,documentary
1165,dog
1166,domain
1167,dome
1168,dominant
1169,donate
1170,doom
1171,door
1172,doorway
1173,dorm
1174,dose
1175,dot
1176,doubt
1177,dove
1178,downstairs 
1179,downtown
1180,downward
1181,doze
1182,dozen
1183,draft
1184,dragon
1185,drain
1186,drama
1187,dramatic
1188,drastic
1189,draw
1190,drawback
1191,drawer
1192,drawing
1193,dread
1194,dream
1195,drift
1196,drill
1197,drink
1198,drip
1199,driver
1200,drop
1201,drought
1202,drown
1203,drug
1204,drum
1205,drunk
1206,dry
1207,dubious
1208,duck
1209,due
1210,dull
1211,duplicate
1212,durable
1213,duration
1214,during
1215,dusk
1216,dust
1217,dwarf
1218,dwell
1219,dwelling
1220,dye
1221,dynamic
1222,dynasty
1223,each
1224,eager
1225,eagle
1226,ear
1227,early
1228,earn
1229,earnest
1230,earth
1231,earthquake
1232,east
1233,Easter
1234,easy
1235,eat
1236,eccentric
1237,echo
1238,ecology
1239,economic
1240,economical
1241,economics
1242,economy
1243,edge
1244,edible
1245,edit
1246,edition
1247,editor
1248,educate
1249,effect
1250,efficiency
1251,efficient
1252,effort
1253,ego
1254,eject
1255,elaborate
1256,elapse
1257,elbow
1258,elder
1259,elderly
1260,electrical
1261,electrician
1262,electricity
1263,electron
1264,electronic
1265,elementary
1266,elephant
1267,elevate
1268,elevator
1269,eligible
1270,eliminate
1271,elite
1272,eloquent
1273,else
1274,elsewhere
1275,embark
1276,embassy
1277,embed
1278,embrace
1279,emerge
1280,emergency
1281,emigrate
1282,eminent
1283,emit
1284,emotion
1285,emperor
1286,empire
1287,empirical
1288,employ
1289,employee
1290,employment
1291,empty
1292,enable
1293,enclosure
1294,encourage
1295,end
1296,endeavor
1297,endow
1298,endurance
1299,endure
1300,enemy
1301,energetic
1302,energy
1303,enforce
1304,engage
1305,engagement
1306,engine
1307,engineering
1308,enlarge
1309,enlighten
1310,enormous
1311,enquire
1312,enrich
1313,enroll
1314,ensure
1315,entail
1316,entertain
1317,entertainment
1318,enthusiasm
1319,enthusiastic
1320,entire
1321,entitle
1322,entity
1323,entrepreneur
1324,entry
1325,envelope
1326,environment
1327,envisage
1328,envy
1329,epidemic
1330,epoch
1331,equal
1332,equality
1333,equation
1334,equator
1335,equip
1336,equipment
1337,era
1338,erase
1339,erect
1340,erroneous
1341,error
1342,erupt
1343,escape
1344,escort
1345,especially
1346,essay
1347,essence
1348,essential
1349,establish
1350,establishment
1351,estate
1352,esteem
1353,estimate
1354,eternal
1355,ethnic
1356,evacuate
1357,evaporate
1358,ever
1359,evident
1360,evil
1361,evolve
1362,exact
1363,exaggerate
1364,exam
1365,examine
1366,example
1367,exceed
1368,excel
1369,excellent
1370,excerpt
1371,excess
1372,excessive
1373,exchange
1374,excite
1375,excitement
1376,exciting
1377,exclaim
1378,exclude
1379,exclusive
1380,excursion
1381,excuse
1382,execute
1383,executive
1384,exemplify
1385,exempt
1386,exercise
1387,exert
1388,exhaust
1389,exhibit
1390,exhibition
1391,exile
1392,exist
1393,existence
1394,exit
1395,expand
1396,expansion
1397,expect
1398,expectation
1399,expedition
1400,expel
1401,expenditure
1402,experience
1403,experiment
1404,experimental
1405,expert
1406,expertise
1407,explanation
1408,explicit
1409,explode
1410,explore 
1411,explosion
1412,explosive
1413,export
1414,expose
1415,exposure
1416,express
1417,expression
1418,exquisite
1419,extend
1420,extension
1421,extensive
1422,extent
1423,exterior
1424,external
1425,extinct
1426,extinguish
1427,extra
1428,extract
1429,extravagant
1430,extreme
1431,eye
1432,eyebrow
1433,eyesight
1434,fable
1435,fabricate
1436,fabulous
1437,face
1438,facilitate
1439,fact
1440,factor
1441,faculty
1442,fade
1443,fail
1444,failure
1445,faint
1446,fair
1447,fairly
1448,fairy
1449,faith
1450,faithful
1451,fake
1452,fall
1453,fame
1454,familiar
1455,famine
1456,famous
1457,fan
1458,fantasy
1459,far
1460,fare
1461,farewell
1462,farm
1463,farmer
1464,farther
1465,fascinate
1466,fashion
1467,fashionable
1468,fast
1469,fasten
1470,fat
1471,fatal
1472,fate
1473,father
1474,fatigue
1475,fault
1476,faulty
1477,favor
1478,favorable
1479,favorite
1480,fax
1481,fear
1482,fearful
1483,feasible
1484,feast
1485,feat
1486,feather
1487,feature
1488,federal
1489,federation
1490,fee
1491,feeble
1492,feed
1493,feedback
1494,feeling
1495,fell
1496,fellow
1497,female
1498,feminine
1499,fence
1500,fertile
1501,fertilizer
1502,festival
1503,fetch
1504,fever
1505,few
1506,fiber
1507,fiction
1508,field
1509,fierce
1510,fight
1511,figure
1512,file
1513,fill
1514,film
1515,filter
1516,financial
1517,finding
1518,fine
1519,finger
1520,finite
1521,fire
1522,fireman
1523,firm
1524,fisherman
1525,fit
1526,fitting
1527,fixture
1528,flag
1529,flame
1530,flap
1531,flare
1532,flash
1533,flat
1534,flatter
1535,flavor
1536,flaw
1537,flesh
1538,flexible
1539,flight
1540,fling
1541,float
1542,flood
1543,floor
1544,flour
1545,flourish
1546,flow
1547,flower
1548,flu
1549,fluent
1550,fluid
1551,flush
1552,fly
1553,foam
1554,focus
1555,fog
1556,fold
1557,follow
1558,following
1559,fond
1560,food
1561,fool
1562,foolish
1563,foot
1564,forbid
1565,force
1566,fore
1567,forecast
1568,forehead
1569,foreign
1570,foreigner
1571,foresee
1572,forest
1573,forge
1574,forget
1575,forgive
1576,fork
1577,form
1578,formal
1579,format
1580,former
1581,formidable
1582,formula
1583,forth
1584,forthcoming
1585,fortnight
1586,fortune
1587,forum
1588,forward
1589,fossil
1590,foster
1591,foul
1592,found
1593,foundation
1594,fountain
1595,fraction
1596,fracture
1597,fragile
1598,fragment
1599,fragrant
1600,frame
1601,framework
1602,frank
1603,fraud
1604,free
1605,freedom
1606,freight
1607,frequency
1608,frequent
1609,fresh
1610,friction
1611,fright
1612,frighten
1613,fringe
1614,frog
1615,from
1616,front
1617,frontier
1618,frost
1619,fruit
1620,fruitful
1621,frustrate
1622,fry
1623,fuel
1624,fulfill
1625,full
1626,fume
1627,fundamental
1628,funeral
1629,funny
1630,fur
1631,furnace
1632,furnish
1633,furniture
1634,further
1635,furthermore
1636,fuse
1637,fuss
1638,futile
1639,future
1640,gain
1641,galaxy
1642,gallery
1643,gallon
1644,gallop
1645,game
1646,gang
1647,gaol
1648,gap
1649,garage
1650,garden
1651,garlic
1652,garment
1653,gasoline
1654,gather
1655,gauge
1656,gay
1657,gaze
1658,gear
1659,gender
1660,gene
1661,general
1662,generate
1663,generation
1664,generator
1665,genetic
1666,genius
1667,gentle
1668,gently
1669,genuine
1670,geography
1671,geology
1672,germ
1673,gesture
1674,get
1675,ghost
1676,giant
1677,gigantic
1678,give
1679,glad
1680,glamor
1681,glance
1682,glare
1683,glass
1684,glide
1685,glimpse
1686,glitter
1687,globe
1688,gloomy
1689,glorious
1690,glory
1691,glove
1692,glow
1693,glue
1694,go
1695,goat
1696,gold
1697,golden
1698,golf
1699,good
1700,goodness
1701,goose
1702,gorgeous
1703,gossip
1704,government
1705,governor
1706,gown
1707,grab
1708,grace
1709,graceful
1710,gracious
1711,grade
1712,gradual
1713,graduate
1714,grain
1715,grammar
1716,gramme
1717,grand
1718,grant
1719,grape
1720,graph
1721,graphic
1722,grasp
1723,grass
1724,grateful
1725,gratitude
1726,gravity
1727,graze
1728,grease
1729,greedy
1730,greenhouse
1731,greet
1732,greeting
1733,grief
1734,grim
1735,grin
1736,grind
1737,groan
1738,grocer
1739,grope
1740,gross
1741,ground
1742,group
1743,grow
1744,grown-up
1745,growth
1746,guard
1747,guest
1748,guidance
1749,guideline
1750,guilty
1751,guitar
1752,gulf
1753,gut
1754,gymnasium
1755,habitat
1756,hail
1757,hair
1758,half
1759,hall
1760,ham
1761,hamper
1762,hand
1763,handbook
1764,handful
1765,handicap
1766,handkerchief
1767,handle
1768,handsome
1769,handwriting
1770,handy
1771,hang
1772,happen
1773,harbor
1774,hard
1775,hardly
1776,hardship
1777,hardware
1778,harm
1779,harmony
1780,harness
1781,harsh
1782,haste
1783,hasty
1784,hatch
1785,hate
1786,haul
1787,have
1788,hawk
1789,hay
1790,hazard
1791,head
1792,heading
1793,headline
1794,headmaster
1795,headquarters
1796,heal
1797,healthy
1798,heap
1799,hear
1800,hearing
1801,heart
1802,heat
1803,heaven
1804,hedge
1805,heel
1806,height
1807,heir
1808,helicopter
1809,hell
1810,helpful
1811,hemisphere
1812,hen
1813,hence
1814,henceforth
1815,herb
1816,herd
1817,here
1818,heroic
1819,heroin
1820,heroine
1821,hesitate
1822,hide
1823,high
1824,highland
1825,highly
1826,highway
1827,hijack
1828,hill
1829,hinder
1830,hinge
1831,hint
1832,hip
1833,hire
1834,historian
1835,history
1836,hobby
1837,hoist
1838,hold
1839,hole
1840,hollow
1841,holy
1842,homework
1843,homogeneous
1844,honey
1845,honor
1846,honorable
1847,hop
1848,hope
1849,hopeful
1850,horizon
1851,horn
1852,horrible
1853,horror
1854,horsepower
1855,hose
1856,hospitality
1857,host
1858,hostage
1859,hostess
1860,hostile
1861,hot
1862,hotel
1863,hound
1864,house
1865,housewife
1866,housing
1867,however
1868,howl
1869,huddle
1870,hug
1871,huge
1872,hum
1873,human
1874,humanity
1875,humid
1876,humidity
1877,humiliate
1878,humor
1879,humorous
1880,hundred
1881,hunger
1882,hunt
1883,hurl
1884,hurricane
1885,hurry
1886,husband
1887,hut
1888,hypocrisy
1889,hypothesis
1890,hysterical
1891,I
1892,ice
1893,idea
1894,ideal
1895,identical
1896,identification
1897,identify
1898,identity
1899,ideology
1900,idiom
1901,idle
1902,if
1903,ignite
1904,ignorance
1905,ignorant
1906,ignore
1907,ill
1908,illegal
1909,illiterate
1910,illness
1911,illusion
1912,illustrate
1913,illustration
1914,image
1915,imaginary
1916,imaginative
1917,imagine
1918,imitate
1919,immediate
1920,immense
1921,immigrant
1922,immune
1923,impact
1924,impair
1925,impart
1926,impatient
1927,imperative
1928,imperial
1929,implication
1930,implicit
1931,imply
1932,import
1933,importance 
1934,important
1935,impossible
1936,impress
1937,impression
1938,improve
1939,improvement
1940,impulse
1941,in
1942,incentive
1943,incident
1944,incidentally
1945,incline
1946,include
1947,income
1948,incorporate
1949,increase
1950,increasingly
1951,incredible
1952,incur
1953,indeed
1954,independent
1955,indicate
1956,indication
1957,indicative
1958,indifferent
1959,indignant
1960,indignation
1961,indispensable
1962,individual
1963,indoor
1964,induce
1965,industrial
1966,industrialize
1967,industry
1968,infect
1969,infectious
1970,inferior
1971,infinite
1972,influence
1973,influential
1974,inform
1975,information
1976,infrared
1977,infrastructure
1978,ingenious
1979,ingredient
1980,inhabitant
1981,inhale
1982,inherent
1983,inherit
1984,inhibit
1985,initial
1986,initiative
1987,inject
1988,injure
1989,injury
1990,ink
1991,inland
1992,innocent
1993,innovation
1994,innumerable
1995,input
1996,inquiry
1997,insect
1998,insert
1999,inside
2000,insight
2001,insist
2002,inspiration
2003,inspire
2004,install
2005,installation
2006,installment
2007,instance
2008,instant
2009,instantaneous
2010,instead
2011,instinct
2012,institution
2013,instruction
2014,instrumental
2015,insulate
2016,insult
2017,insurance
2018,insure
2019,intact
2020,integral
2021,integrate
2022,intellectual
2023,intelligence
2024,intelligent
2025,intelligible
2026,intend
2027,intensity
2028,intensive
2029,interact
2030,intercourse
2031,interesting
2032,interface
2033,interfere
2034,interference
2035,intermediate
2036,intermittent
2037,internal
2038,international
2039,interpret
2040,intersection
2041,interval
2042,intervene
2043,interview
2044,intimate
2045,intimidate
2046,into
2047,intricate
2048,intrigue
2049,intrinsic
2050,introduce
2051,introduction
2052,intrude
2053,intuition
2054,invade
2055,invalid
2056,invaluable
2057,invariably
2058,invasion
2059,inventory
2060,invert
2061,invest
2062,investigate
2063,investment
2064,invisible
2065,invitation
2066,invite
2067,involve
2068,iron
2069,irrespective
2070,irritate
2071,island
2072,isle
2073,isolate
2074,issue
2075,item
2076,its
2077,jacket
2078,jam
2079,jar
2080,jargon
2081,jaw
2082,jazz
2083,jealous
2084,jeans
2085,jet
2086,jewel
2087,job
2088,join
2089,joint
2090,joke
2091,jolly
2092,journalist
2093,judge
2094,judicial
2095,jug
2096,jump
2097,junction
2098,jungle
2099,junior
2100,junk
2101,jury 
2102,just
2103,justice
2104,justify
2105,juvenile
2106,keen
2107,kettle
2108,key
2109,keyboard
2110,kick
2111,kid
2112,kidnap
2113,kill
2114,kilo 
2115,kilometre
2116,kin
2117,kind
2118,kindergarten
2119,kindness
2120,king
2121,kingdom
2122,kiss
2123,kit
2124,kitchen
2125,knee
2126,kneel
2127,knife
2128,knit
2129,knob
2130,knot
2131,know
2132,knowledge
2133,lab
2134,label
2135,labor
2136,lack
2137,lad
2138,lag
2139,lamb
2140,lame
2141,lamp
2142,land
2143,landlady
2144,landlord
2145,lane
2146,language
2147,lantern
2148,lap
2149,lapse
2150,laptop
2151,laser
2152,lash
2153,last
2154,late
2155,lately
2156,later
2157,lateral
2158,Latin
2159,latitude
2160,latter
2161,laugh
2162,laughter
2163,launch
2164,laundry
2165,lavatory
2166,law
2167,lawn
2168,layer
2169,layoff
2170,layout
2171,lead
2172,leadership
2173,leading
2174,leaf
2175,leaflet
2176,league
2177,leak
2178,lean
2179,leap
2180,learn
2181,learned
2182,learning
2183,least
2184,leather
2185,leave
2186,lecture
2187,left
2188,leg
2189,legacy
2190,legend
2191,legislation
2192,legitimate
2193,lemon
2194,lend
2195,length
2196,lens
2197,less
2198,lest
2199,let
2200,letter
2201,lever
2202,liability
2203,liable
2204,liberal
2205,liberate
2206,liberty
2207,librarian
2208,license
2209,lick
2210,lid
2211,lie
2212,life
2213,lifetime
2214,lift
2215,light
2216,likely
2217,likewise
2218,limb
2219,limit
2220,limitation
2221,limited
2222,limp
2223,line
2224,linear
2225,linen
2226,liner
2227,linger
2228,linguistic
2229,link
2230,lion
2231,lip
2232,liquid
2233,list
2234,literacy
2235,literally
2236,literary
2237,literature
2238,litre
2239,litter
2240,little
2241,live
2242,lively
2243,liver
2244,living
2245,living-room
2246,load
2247,loaf
2248,local
2249,locality
2250,locate
2251,location
2252,lock
2253,locomotive
2254,lodge
2255,log
2256,logic
2257,logical
2258,lonely
2259,long
2260,longitude
2261,look
2262,loop
2263,loose
2264,loosen
2265,lord
2266,lorry
2267,lose
2268,loss
2269,lottery
2270,loud
2271,loudspeaker
2272,lounge
2273,love
2274,lovely
2275,lover
2276,low
2277,lower
2278,loyal
2279,loyalty
2280,lubricate
2281,luck
2282,lucky
2283,luggage
2284,lumber
2285,lump
2286,lunar
2287,lung
2288,lure
2289,luxury
2290,machinery
2291,magazine
2292,magic
2293,magistrate
2294,magnetic
2295,magnify
2296,magnitude
2297,maid
2298,maiden
2299,mail
2300,maintain
2301,majesty
2302,major
2303,male
2304,mammal
2305,manage
2306,management
2307,maneuver
2308,manifest
2309,mankind
2310,manner
2311,manual
2312,manufacture
2313,many
2314,map
2315,marble
2316,march
2317,March
2318,margin
2319,marginal
2320,marine
2321,marital
2322,market
2323,married
2324,marvelous
2325,Marxist 
2326,masculine
2327,mask
2328,massacre
2329,massive
2330,master
2331,masterpiece
2332,mat
2333,match
2334,material
2335,mathematical
2336,maths
2337,matter
2338,mature
2339,may
2340,mayor
2341,me
2342,meadow
2343,meal
2344,mean
2345,means
2346,meantime
2347,meanwhile
2348,measure
2349,meat
2350,mechanic
2351,mechanical
2352,medal
2353,medical
2354,medicine
2355,medieval
2356,meditate
2357,meditation
2358,medium
2359,meet
2360,meeting
2361,melody
2362,melt
2363,member
2364,membership
2365,memo
2366,memorial
2367,memory
2368,menace
2369,mental
2370,mention
2371,menu
2372,merchandise
2373,merchant
2374,mercury
2375,mercy
2376,mere
2377,merely
2378,merit
2379,merry
2380,message
2381,messenger
2382,metal
2383,metaphor
2384,method
2385,metre
2386,metropolitan
2387,microphone
2388,midst
2389,might
2390,migrate
2391,mild
2392,mile
2393,militant
2394,military
2395,mill
2396,millimeter
2397,million
2398,mind
2399,mine
2400,mingle
2401,miniature
2402,minimize
2403,ministry
2404,minor
2405,minority
2406,minus
2407,miracle
2408,mirror
2409,mischief
2410,misery
2411,misfortune
2412,miss
2413,missile
2414,missing
2415,mission
2416,mist
2417,mistake
2418,mistress
2419,mix
2420,mixture
2421,moan
2422,mob
2423,mobile
2424,mobilize
2425,mock
2426,mode
2427,model
2428,moderate
2429,modern
2430,modernization
2431,modest
2432,module
2433,moist
2434,moisture
2435,molecule
2436,monetary
2437,money
2438,monitor
2439,monopoly
2440,monotonous
2441,monster
2442,month
2443,monument
2444,mood
2445,moon
2446,more
2447,moreover
2448,morning
2449,mortal
2450,mosaic
2451,mosquito
2452,moss
2453,most
2454,mostly
2455,motel
2456,mother
2457,motion
2458,motivate
2459,motive
2460,motor
2461,mould
2462,mount
2463,mountain
2464,movement
2465,much
2466,mud
2467,mug
2468,multiple
2469,multiply
2470,multitude
2471,municipal
2472,murmur
2473,muscle
2474,museum
2475,mushroom
2476,musical
2477,mutter
2478,mutton
2479,mutual
2480,my
2481,myself
2482,mysterious
2483,mystery
2484,myth
2485,nail
2486,naive
2487,namely
2488,nap
2489,narrative
2490,narrow
2491,nasty
2492,nation
2493,national
2494,native
2495,natural
2496,nature
2497,naughty
2498,navigation
2499,navy
2500,near
2501,nearby
2502,nearly
2503,necessary
2504,necessitate
2505,necessity
2506,neck
2507,necklace
2508,need
2509,needle
2510,negative
2511,neglect
2512,Negro
2513,neighbor
2514,neighborhood
2515,neither
2516,nephew
2517,nerve
2518,nervous
2519,nest
2520,network
2521,neutral
2522,never
2523,nevertheless
2524,new
2525,news
2526,next
2527,nice
2528,nickel
2529,nickname
2530,niece
2531,night
2532,nightmare
2533,nitrogen
2534,no
2535,noble
2536,nobody
2537,nod
2538,noise
2539,noisy
2540,nominal
2541,nominate
2542,none
2543,nonetheless
2544,noodle
2545,noon
2546,nor
2547,norm
2548,normal
2549,north
2550,northeast
2551,northern
2552,northwest
2553,nose
2554,not
2555,note
2556,notebook
2557,notice
2558,noticeable
2559,notify
2560,notion
2561,notorious
2562,notwithstanding
2563,noun
2564,nourish
2565,novel
2566,novelty
2567,now
2568,nowadays
2569,nowhere
2570,nuclear
2571,nuisance
2572,numb
2573,number
2574,numerical
2575,numerous
2576,nurse
2577,nursery
2578,nurture
2579,nut
2580,nutrition
2581,nylon
2582,oak
2583,oar
2584,oath
2585,obedient
2586,obey
2587,object
2588,objection
2589,obligation
2590,oblige
2591,obscure
2592,observation
2593,observe
2594,obsession
2595,obstacle
2596,obstruct
2597,obstruction
2598,obtain
2599,obvious
2600,occasion
2601,occasional
2602,occupation
2603,odd
2604,odds
2605,odor
2606,of
2607,offend
2608,offensive
2609,offer
2610,office
2611,officer
2612,official
2613,offspring
2614,okay
2615,omit 
2616,one
2617,oneself
2618,onion
2619,only
2620,onto
2621,opaque
2622,open
2623,opening
2624,opera
2625,operation
2626,operational
2627,operator
2628,opinion 
2629,opposite
2630,oppress
2631,opt
2632,optical
2633,optimistic
2634,option
2635,orange
2636,orbit
2637,orchestra
2638,order
2639,ordinary
2640,ore
2641,organism
2642,organization 
2643,organize
2644,orient
2645,oriental
2646,orientation
2647,origin
2648,original
2649,originate
2650,ornament
2651,orphan
2652,orthodox
2653,otherwise
2654,ounce
2655,our
2656,ourselves
2657,outbreak
2658,outcome
2659,outer
2660,outing
2661,outlet
2662,outlook
2663,output
2664,outrage
2665,outset
2666,outside
2667,outskirts
2668,outward
2669,oval
2670,oven
2671,over
2672,overall
2673,overflow
2674,overhead
2675,overlap
2676,overlook
2677,overnight
2678,overpass
2679,overseas
2680,overtake
2681,overtime
2682,overturn
2683,overwhelm
2684,overwhelming
2685,owe
2686,owing
2687,owl
2688,own
2689,owner
2690,ownership
2691,oxygen
2692,ozone
2693,pack
2694,package
2695,packet
2696,pact
2697,pad
2698,paddle
2699,page
2700,pail
2701,pain
2702,paint
2703,painter
2704,pair
2705,palace
2706,pale
2707,palm
2708,pamphlet
2709,pan
2710,panel
2711,panic
2712,panorama
2713,pant
2714,pants
2715,paper
2716,paperback
2717,parade
2718,paradigm
2719,paradox
2720,paragraph
2721,parallel
2722,paralyze
2723,parameter
2724,parasite
2725,parcel
2726,pardon
2727,parent
2728,parliament
2729,part
2730,partial
2731,participant
2732,particle
2733,particular
2734,partner
2735,party
2736,passage
2737,passenger
2738,passer-by
2739,passion
2740,passive
2741,past
2742,pastime
2743,pasture
2744,pat
2745,patch
2746,patent
2747,path
2748,patience
2749,patriotic
2750,patrol
2751,pattern
2752,pause
2753,pavement
2754,paw
2755,payment
2756,peace
2757,peach
2758,peak
2759,pear
2760,pearl
2761,peasant
2762,peculiar
2763,pedal
2764,pedestrian
2765,peel
2766,peep
2767,peer
2768,pen
2769,penalty
2770,pencil
2771,pendulum
2772,penny
2773,pension
2774,per
2775,perceive
2776,percent
2777,percentage
2778,perfection
2779,perform
2780,performance
2781,perfume
2782,perhaps
2783,period
2784,periodical
2785,permanent
2786,permeate
2787,permit
2788,perpetual
2789,perplex
2790,persecute
2791,persevere
2792,persist
2793,person
2794,personal
2795,personality
2796,personnel
2797,perspective
2798,persuade
2799,persuasion
2800,pessimistic
2801,pet
2802,petition
2803,petrol
2804,petty
2805,pharmacy
2806,phase
2807,phenomenon
2808,philosopher
2809,philosophy
2810,phone
2811,photo
2812,phrase
2813,physical
2814,physician
2815,physicist
2816,physics
2817,physiological
2818,piano
2819,picnic
2820,picture
2821,pie
2822,piece
2823,pierce
2824,pig
2825,pigeon
2826,pile
2827,pill
2828,pillar
2829,pilot
2830,pin
2831,pine
2832,pink
2833,pint
2834,pipe
2835,pirate
2836,pistol
2837,piston
2838,pit
2839,pitch
2840,pity
2841,place
2842,plague
2843,plain
2844,plan
2845,planet
2846,plant
2847,plantation
2848,plaster
2849,plastic
2850,plateau
2851,platform
2852,plausible
2853,play
2854,plea
2855,plead
2856,pleasant
2857,pledge
2858,plentiful
2859,plenty
2860,plight
2861,plot
2862,plough
2863,plug
2864,plumber
2865,plunge
2866,plural
2867,plus
2868,pneumonia
2869,pocket
2870,poet
2871,poetry
2872,point
2873,poison
2874,poisonous
2875,polar
2876,pole
2877,police
2878,policeman
2879,policy
2880,polish
2881,polite
2882,political
2883,politician
2884,politics
2885,poll
2886,pollute
2887,pollution
2888,pond
2889,ponder
2890,pool
2891,poor
2892,pop
2893,popular
2894,population
2895,porcelain
2896,porch
2897,pork
2898,port
2899,portable
2900,porter
2901,portion
2902,portrait
2903,position
2904,positive
2905,possess
2906,possession
2907,possibility
2908,possible
2909,postcard
2910,poster
2911,postman
2912,postpone
2913,posture
2914,pot
2915,potato
2916,poultry
2917,pound
2918,pour
2919,poverty
2920,powder
2921,power
2922,powerful
2923,practically
2924,practice
2925,practise
2926,praise
2927,preach
2928,precedent
2929,preceding
2930,precious
2931,precise
2932,precision
2933,preclude
2934,predecessor
2935,predict
2936,predominant
2937,preface
2938,prefer
2939,preferable
2940,preference
2941,pregnant
2942,prejudice
2943,premier
2944,premise
2945,premium
2946,preparation
2947,prepare
2948,preposition
2949,prescribe
2950,prescription
2951,presence
2952,present
2953,presently
2954,preserve
2955,preside
2956,pressure
2957,prestige 
2958,presumably
2959,presume
2960,pretend
2961,pretext
2962,prevail
2963,prevent
2964,previous
2965,prick
2966,pride
2967,priest
2968,primary
2969,prime
2970,principal
2971,print
2972,priority
2973,privacy
2974,private
2975,privilege
2976,prize
2977,probable
2978,problem
2979,procedure
2980,proceed
2981,process
2982,procession
2983,proclaim
2984,product
2985,productive
2986,productivity
2987,profession
2988,professional
2989,professor
2990,proficiency
2991,profile
2992,profit
2993,profitable
2994,profound
2995,programme
2996,progress
2997,progressive
2998,prohibit 
2999,project
3000,projector
3001,prolong
3002,prominent
3003,promise
3004,promising
3005,promote
3006,prompt
3007,pronoun
3008,proof
3009,propaganda
3010,propel
3011,proper
3012,property
3013,prophet
3014,proposal
3015,propose
3016,proposition
3017,prose
3018,prospect
3019,prospective
3020,prosper
3021,prosperity
3022,prosperous
3023,prototype
3024,proud
3025,prove
3026,provide
3027,province
3028,prudent
3029,psychiatry
3030,psychology
3031,pub
3032,public
3033,publication
3034,publicity
3035,publish
3036,puff
3037,pull
3038,pulse
3039,pump
3040,punch
3041,punctual
3042,pupil
3043,puppet
3044,purchase
3045,pure
3046,purify
3047,purpose
3048,purse
3049,pursue
3050,pursuit
3051,put
3052,puzzle
3053,pyramid
3054,qualification
3055,qualitative
3056,quantify
3057,quarrel
3058,quart
3059,quarter
3060,quarterly
3061,quartz
3062,queer
3063,quench
3064,quest
3065,question
3066,questionnaire
3067,queue
3068,quick
3069,quiet
3070,quilt
3071,quit
3072,quite
3073,quiver
3074,quota
3075,quote
3076,racial
3077,rack
3078,racket
3079,radar
3080,radiant
3081,radiate
3082,radio
3083,radius
3084,rag
3085,rage
3086,raid
3087,rail
3088,railroad
3089,raise
3090,rake
3091,random
3092,rank
3093,rap
3094,rape
3095,rapid
3096,rare
3097,rash
3098,rate
3099,rather
3100,ratio
3101,rational
3102,raw
3103,ray
3104,razor
3105,reach
3106,react
3107,read
3108,reader
3109,readily
3110,reading
3111,ready
3112,realise
3113,realistic
3114,reality
3115,really
3116,realm
3117,reap
3118,rear
3119,reason
3120,reassure
3121,rebel
3122,rebellion
3123,recall
3124,recede
3125,receipt
3126,receive
3127,recent
3128,reception
3129,reciprocal
3130,recite
3131,reckless
3132,reckon
3133,reclaim
3134,recognition
3135,recognize
3136,recollect
3137,recommend
3138,reconcile
3139,record
3140,recorder
3141,recover
3142,recovery
3143,recreation
3144,recruit
3145,rectangle
3146,rectify
3147,recur
3148,reduce
3149,reduction
3150,redundant
3151,reed
3152,reel
3153,refer
3154,reference
3155,refine
3156,reflect
3157,reflection
3158,reform
3159,refrain
3160,refresh
3161,refreshment
3162,refuge
3163,refugee
3164,refund
3165,refusal
3166,refute
3167,regard
3168,regarding
3169,regardless
3170,regime
3171,region
3172,register
3173,regular
3174,regulate
3175,regulation
3176,rehearsal
3177,reign
3178,rein
3179,rejoice
3180,relate
3181,relation
3182,relationship
3183,relative
3184,relativity
3185,relax
3186,relay
3187,release
3188,relevant
3189,reliable
3190,reliance
3191,relieve
3192,religion
3193,religious
3194,relish
3195,reluctant
3196,rely
3197,remain
3198,remains
3199,remedy
3200,remember
3201,remind
3202,remote
3203,removal
3204,remove
3205,renaissance 
3206,render
3207,renew
3208,renovate
3209,rent
3210,repair
3211,repay
3212,repeat
3213,repeatedly
3214,repertoire
3215,repetition
3216,replace
3217,replacement
3218,reply
3219,report
3220,reporter
3221,represent
3222,representative
3223,repression
3224,reproach
3225,reproduce
3226,reptile
3227,republic 
3228,reputation
3229,require
3230,research
3231,resemble
3232,resent
3233,reservation
3234,reserve
3235,reservoir
3236,residence
3237,resident
3238,resign
3239,resist
3240,resistance
3241,resistant
3242,resolute
3243,resolve
3244,resort
3245,resource
3246,respect
3247,respective
3248,respond
3249,response
3250,responsibility
3251,responsible
3252,rest
3253,restless
3254,restrain
3255,restraint
3256,result
3257,resultant
3258,resume
3259,retail
3260,retain
3261,retire
3262,retort
3263,retreat
3264,retrieve
3265,retrospect
3266,return
3267,reveal
3268,revelation
3269,revenge
3270,revenue
3271,review
3272,revive
3273,revolt
3274,revolution
3275,revolutionary
3276,revolve
3277,reward
3278,rib
3279,ribbon
3280,rice
3281,rid
3282,riddle
3283,ride
3284,ridiculous
3285,rifle
3286,right
3287,rigid
3288,rigorous
3289,rim
3290,ring
3291,rip
3292,ripe
3293,rise
3294,ritual
3295,rival
3296,roar
3297,roast
3298,robe
3299,robot
3300,rock
3301,rocket
3302,rod
3303,roll
3304,romance
3305,romantic
3306,roof
3307,room
3308,root
3309,rotate
3310,rough
3311,round
3312,roundabout
3313,rouse
3314,route
3315,routine
3316,row
3317,royal
3318,royalty
3319,rub
3320,rubber
3321,rubbish
3322,ruby
3323,rude
3324,rug
3325,rule
3326,ruler
3327,rumor
3328,run
3329,rural
3330,rush
3331,rust
3332,ruthless
3333,sack
3334,sacrifice
3335,sad
3336,saddle
3337,safe
3338,safeguard
3339,safety
3340,sail
3341,sailor
3342,saint
3343,salad
3344,salary
3345,sale
3346,salute
3347,salvation
3348,same
3349,sample
3350,sanction
3351,sand
3352,sane
3353,sarcastic
3354,satellite
3355,satire
3356,satisfaction
3357,satisfactory
3358,satisfy
3359,saturate
3360,sauce
3361,saucer
3362,sausage
3363,savage
3364,save 
3365,saw
3366,say
3367,scale
3368,scandal
3369,scar
3370,scarce
3371,scarcely
3372,scare
3373,scene
3374,scenery
3375,schedule
3376,scheme
3377,scholar
3378,scholarship
3379,school
3380,science
3381,scientific
3382,scientist
3383,scissors
3384,scold
3385,scope
3386,scrap
3387,scrape
3388,scratch
3389,scream
3390,screen
3391,screw
3392,script
3393,scrutiny
3394,sculpture
3395,sea
3396,seal
3397,seam
3398,search
3399,seaside
3400,season
3401,seat
3402,secondary
3403,secret
3404,secretary
3405,section
3406,secure
3407,security
3408,see
3409,seek
3410,seem
3411,seemingly
3412,segment
3413,segregate
3414,seldom
3415,select
3416,selection
3417,selfish
3418,sell
3419,semester
3420,semiconductor
3421,seminar
3422,senate
3423,senator
3424,send
3425,senior
3426,sensation
3427,sense
3428,sensible
3429,sentence
3430,sentiment
3431,separate
3432,sequence
3433,serial
3434,series
3435,servant
3436,serve
3437,service
3438,session
3439,set
3440,setback
3441,setting
3442,settle
3443,seven
3444,several
3445,severe
3446,sew
3447,sex
3448,shabby
3449,shade
3450,shady
3451,shaft
3452,shake
3453,shall
3454,sham
3455,shampoo
3456,shape
3457,share
3458,shark
3459,sharp
3460,shatter
3461,shave
3462,she
3463,shed
3464,sheep
3465,sheer
3466,sheet
3467,shelf
3468,shell
3469,shelter
3470,shepherd
3471,shield
3472,shift
3473,shine
3474,ship
3475,shipment
3476,shirt
3477,shiver
3478,shock
3479,shoe
3480,shoot
3481,shop
3482,shopkeeper
3483,shore
3484,short
3485,shortage
3486,shortcoming
3487,shorthand
3488,shortly
3489,should
3490,shout
3491,shove
3492,show
3493,shower
3494,shrewd
3495,shrink
3496,shrug
3497,shutter
3498,shuttle
3499,shy
3500,side
3501,sideways
3502,siege
3503,sigh
3504,sightseeing
3505,sign
3506,signal
3507,signature
3508,significant
3509,signify
3510,silence
3511,silent
3512,silk
3513,silly
3514,similar
3515,simple
3516,simplify
3517,simulate
3518,since
3519,sincere
3520,sing
3521,single
3522,singular
3523,sink
3524,sip
3525,siren
3526,sister
3527,sit
3528,site
3529,situated
3530,situation
3531,skate
3532,skeleton
3533,skeptical
3534,sketch
3535,ski
3536,skilled
3537,skillful
3538,skim
3539,skin
3540,skip
3541,skirt
3542,skull
3543,sky
3544,skyscraper
3545,slack
3546,slap
3547,slave
3548,sleeve
3549,slice
3550,slide
3551,slight
3552,slim
3553,slip
3554,slippery
3555,slit
3556,slogan
3557,slot
3558,slow
3559,slum
3560,sly
3561,smart
3562,smash
3563,smell
3564,smile
3565,smog
3566,smooth
3567,smuggle
3568,snack
3569,snake
3570,snatch
3571,sneeze
3572,sniff
3573,snow
3574,snowstorm
3575,so
3576,soak
3577,soap
3578,soar
3579,sober
3580,so-called
3581,sociable
3582,social
3583,socialism
3584,society
3585,sociology
3586,sock
3587,soda
3588,sofa
3589,soft
3590,software
3591,soil
3592,solar
3593,soldier
3594,solemn
3595,solid
3596,solidarity
3597,solitary
3598,solo
3599,soluble
3600,solve
3601,some
3602,somebody
3603,someone
3604,something
3605,sometime
3606,sometimes
3607,somewhat
3608,sophisticated
3609,sophomore
3610,sorrow
3611,sorry
3612,sort 
3613,soul 
3614,sound
3615,soup
3616,sour
3617,south
3618,southeast
3619,southern
3620,southwest
3621,sovereign
3622,sow
3623,space
3624,spacecraft
3625,spaceship
3626,span
3627,spark
3628,sparkle
3629,speak
3630,speaker
3631,spear
3632,special
3633,specialist
3634,speciality
3635,specialize
3636,species
3637,specific
3638,specification
3639,spectacle
3640,spectacular
3641,spectator
3642,speech
3643,speed
3644,spell
3645,spelling
3646,spend
3647,spicy
3648,spider
3649,spill
3650,spin
3651,spine
3652,spiral
3653,spirit
3654,spite
3655,splendid
3656,split
3657,spoil
3658,spokesman
3659,sponge
3660,sponsor
3661,spoon
3662,sport
3663,sportsman
3664,spot
3665,spouse
3666,spray
3667,sprinkle
3668,sprout
3669,spur
3670,spy
3671,square
3672,squeeze
3673,squirrel
3674,stab
3675,stable
3676,stack
3677,stadium
3678,staff
3679,stage
3680,stagger
3681,stain
3682,stair
3683,staircase
3684,stake
3685,stale
3686,stall
3687,stamp
3688,stand
3689,standard
3690,standpoint
3691,staple
3692,star
3693,stare
3694,start
3695,startle
3696,starve
3697,state
3698,statement
3699,statesman
3700,static
3701,station
3702,stationary
3703,stationery
3704,statistical
3705,statue
3706,status
3707,statute
3708,stay
3709,steady
3710,steak
3711,steal
3712,steam
3713,steamer
3714,steel
3715,steep
3716,steer
3717,stem
3718,step
3719,stereo
3720,stereotype
3721,stern
3722,steward
3723,stick
3724,sticky
3725,stiff
3726,still
3727,stimulate
3728,sting
3729,stir
3730,stitch
3731,stock
3732,stocking
3733,stomach
3734,stone
3735,stool
3736,stoop
3737,storage
3738,store
3739,storey
3740,storm
3741,story
3742,stove
3743,straight
3744,straightforward
3745,strain
3746,strange
3747,stranger
3748,strap
3749,strategy
3750,straw
3751,strawberry
3752,stream
3753,streamline
3754,street
3755,strength
3756,strengthen
3757,strenuous
3758,stress
3759,stretch
3760,strict
3761,stride
3762,strife
3763,strike
3764,striking
3765,string
3766,strip
3767,stripe
3768,strive
3769,stroke
3770,stroll
3771,strong
3772,structure
3773,struggle
3774,stubborn
3775,studio
3776,study
3777,stuff
3778,stumble
3779,stun
3780,stupid
3781,sturdy
3782,style
3783,subject
3784,subjective
3785,submarine
3786,submerge
3787,submit
3788,subordinate
3789,subscribe
3790,subsequent
3791,subsidy
3792,substance
3793,substantial
3794,substitute
3795,subtle
3796,subtract
3797,suburb
3798,subway
3799,succeed
3800,success
3801,successful
3802,succession
3803,successive
3804,successor
3805,suck
3806,sudden
3807,sue
3808,suffer
3809,suffice
3810,sufficient
3811,sugar
3812,suggest
3813,suggestion
3814,suicide
3815,suit
3816,suitable
3817,suite
3818,sulfur
3819,sum
3820,summarize
3821,summary
3822,summit
3823,summon
3824,sun
3825,sunrise
3826,sunset
3827,sunshine
3828,super
3829,superb
3830,superficial
3831,superfluous
3832,superior
3833,superiority
3834,supermarket
3835,supersonic
3836,superstition
3837,supervise
3838,supper
3839,supplement
3840,supply
3841,support
3842,suppose
3843,suppress
3844,supreme
3845,surface
3846,surge
3847,surgeon
3848,surgery
3849,surname
3850,surpass
3851,surplus
3852,surprise
3853,surrender
3854,surround
3855,surroundings
3856,survey
3857,survival
3858,survive
3859,susceptible
3860,suspect
3861,suspend
3862,suspicion
3863,suspicious
3864,sustain
3865,swallow
3866,swamp
3867,swan
3868,swarm
3869,sway
3870,swear
3871,sweat
3872,sweater
3873,sweep
3874,sweet
3875,swell
3876,swift
3877,swim
3878,swing
3879,switch
3880,sword
3881,symbol
3882,symmetry
3883,sympathetic
3884,sympathize
3885,sympathy
3886,symphony
3887,symposium
3888,symptom
3889,syndrome
3890,synthesis
3891,synthetic
3892,system
3893,systematic
3894,table
3895,tablet
3896,tackle
3897,tactic
3898,tag
3899,tail
3900,tailor
3901,take
3902,tale
3903,talent
3904,talk
3905,tall
3906,tame
3907,tan
3908,tangle
3909,tank
3910,tanker
3911,tap
3912,tape
3913,tar
3914,target
3915,tariff
3916,task 
3917,taste
3918,tax
3919,taxi
3920,team
3921,tear
3922,tease
3923,technical
3924,technician
3925,technique
3926,technology
3927,tedious
3928,teenager
3929,telegram
3930,telegraph
3931,telephone
3932,telescope
3933,tell
3934,temper
3935,temperament
3936,temperature
3937,temple
3938,tempo
3939,temporary
3940,tempt
3941,temptation
3942,tenant
3943,tend
3944,tendency
3945,tender
3946,tennis
3947,tense
3948,tension
3949,tent
3950,tentative
3951,term
3952,terminal
3953,terminate
3954,terrible
3955,terrific
3956,terrify
3957,territory
3958,terror
3959,test
3960,testify
3961,testimony
3962,text
3963,textbook
3964,textile
3965,texture
3966,thank
3967,Thanksgiving
3968,that
3969,theater
3970,theft
3971,their
3972,theirs
3973,theme
3974,themselves
3975,then
3976,theoretical
3977,theory
3978,therapy
3979,there
3980,thereafter
3981,thereby
3982,therefore
3983,thermal
3984,thermometer
3985,these
3986,thesis
3987,thick
3988,thief
3989,thigh
3990,thin
3991,thing
3992,thirst
3993,thirsty
3994,thorn
3995,thorough
3996,though
3997,thought
3998,thoughtful
3999,thousand
4000,thread
4001,threat
4002,threaten
4003,three
4004,threshold
4005,thrift
4006,thrill
4007,thrive
4008,throat
4009,throne
4010,through
4011,throughout
4012,throw
4013,thrust
4014,thumb
4015,thunder
4016,Thursday
4017,thus
4018,tick
4019,ticket
4020,tide
4021,tidy
4022,tie
4023,tiger
4024,tight
4025,tile
4026,till
4027,tilt
4028,timber
4029,time
4030,timely
4031,timid
4032,tin
4033,tiny
4034,tip
4035,tire
4036,tired
4037,tiresome
4038,tissue
4039,title
4040,to
4041,toast
4042,tobacco
4043,today
4044,toe
4045,together
4046,toilet
4047,token
4048,tolerance
4049,tolerant
4050,tolerate
4051,toll
4052,tomato
4053,tomb
4054,tomorrow
4055,ton
4056,tone
4057,tongue
4058,tonight
4059,too
4060,tool
4061,tooth
4062,top
4063,topic
4064,torch
4065,torment
4066,torrent
4067,torture
4068,toss
4069,total
4070,touch
4071,tough
4072,tour
4073,tourist
4074,tow
4075,toward
4076,towel
4077,tower
4078,town
4079,toxic
4080,toy
4081,trace
4082,track
4083,tractor
4084,trade
4085,trademark
4086,tradition
4087,traffic
4088,tragedy
4089,tragic
4090,trail
4091,train
4092,training
4093,trait
4094,traitor
4095,tram
4096,tramp
4097,transaction
4098,transcend
4099,transfer
4100,transform
4101,transient
4102,transistor
4103,transition
4104,translate
4105,translation
4106,transmission
4107,transmit
4108,transparent
4109,transplant
4110,transport
4111,trap
4112,trash
4113,travel
4114,tray
4115,treason
4116,treasure
4117,treat
4118,treaty
4119,tree
4120,tremble
4121,tremendous
4122,trench
4123,trend
4124,trial
4125,triangle
4126,tribe
4127,tribute
4128,trick
4129,trifle
4130,trigger
4131,trim
4132,trip
4133,triple
4134,triumph
4135,trivial
4136,trolley
4137,troop
4138,tropic
4139,tropical
4140,trouble
4141,troublesome
4142,trousers
4143,truck
4144,trumpet
4145,trunk
4146,trust
4147,truth
4148,try
4149,tub
4150,tube
4151,tuck
4152,Tuesday
4153,tug
4154,tuition
4155,tumble
4156,tumour
4157,tune
4158,tunnel
4159,turbine
4160,turbulent
4161,turkey
4162,turn
4163,turnover
4164,tutor
4165,TV
4166,twenty
4167,twice
4168,twin
4169,twinkle
4170,twist
4171,two
4172,type
4173,typewriter
4174,typhoon
4175,typical
4176,typist
4177,ugly
4178,ultimate
4179,ultraviolet
4180,umbrella
4181,unanimous
4182,uncle
4183,uncover
4184,under
4185,underestimate
4186,undergo
4187,undergraduate
4188,underground
4189,underlie
4190,underline
4191,underlying
4192,undermine
4193,underneath
4194,understand
4195,understanding
4196,undertake
4197,undo
4198,undoubtedly
4199,uneasy
4200,unemployment
4201,unexpected
4202,unfold
4203,unfortunately
4204,uniform
4205,unify
4206,union
4207,unique
4208,unit
4209,unite
4210,unity
4211,universal
4212,universe
4213,university
4214,unless
4215,unlike
4216,unlikely
4217,unload
4218,until
4219,unusual
4220,up
4221,update
4222,upgrade
4223,uphold
4224,upon
4225,upper
4226,upright
4227,uproar
4228,upset
4229,upstairs
4230,up-to-date
4231,upward
4232,urban
4233,urge
4234,urgent
4235,us
4236,usage
4237,use
4238,used
4239,useful
4240,usual
4241,usually
4242,utilize
4243,utmost
4244,utter
4245,vacant
4246,vacation
4247,vacuum
4248,vague
4249,vain
4250,valid
4251,valley
4252,valuable
4253,value
4254,valve
4255,van
4256,vanish
4257,vanity
4258,vapour
4259,variable
4260,variation
4261,variety
4262,various
4263,vary
4264,vase
4265,vast
4266,vegetable
4267,vegetarian
4268,vegetation
4269,vehicle
4270,veil
4271,vein
4272,velocity
4273,velvet
4274,ventilate
4275,venture
4276,verb
4277,verbal
4278,verdict
4279,verge
4280,verify
4281,versatile
4282,verse
4283,version
4284,versus
4285,vertical
4286,very
4287,vessel
4288,vest
4289,veteran
4290,veto
4291,via
4292,vibrate
4293,vice
4294,vicinity
4295,vicious
4296,victim
4297,victory
4298,video
4299,view
4300,viewpoint
4301,vigorous
4302,village
4303,vinegar
4304,violate
4305,violence
4306,violent
4307,violet
4308,violin
4309,virgin
4310,virtual
4311,virtue
4312,virus
4313,visa
4314,visible
4315,vision
4316,visit
4317,visitor
4318,visual
4319,vital
4320,vitamin
4321,vivid
4322,vocabulary
4323,vocal
4324,vocation
4325,voice
4326,void
4327,volcano
4328,volleyball
4329,volt
4330,voltage
4331,volume
4332,voluntary
4333,volunteer
4334,vote
4335,vowel
4336,voyage
4337,vulgar
4338,vulnerable
4339,wage
4340,wagon
4341,waist
4342,wait
4343,waiter
4344,waitress
4345,wake
4346,waken
4347,walk
4348,wall
4349,wallet
4350,wander
4351,want
4352,war
4353,ward
4354,wardrobe
4355,warehouse
4356,warfare
4357,warm
4358,warmth
4359,warn
4360,warrant
4361,wash
4362,waste
4363,watch
4364,watch
4365,water
4366,waterfall
4367,waterproof
4368,watt
4369,wave
4370,wax
4371,way
4372,we
4373,weak
4374,wealth
4375,wealthy
4376,weapon
4377,wear
4378,weary
4379,weather
4380,weave
4381,web
4382,wedding
4383,wedge
4384,Wednesday
4385,weed
4386,weekday
4387,weekend
4388,weekly
4389,weep
4390,weigh
4391,weight
4392,weird
4393,welcome
4394,weld
4395,welfare
4396,well
4397,well-known
4398,west
4399,western
4400,wet
4401,whale
4402,what
4403,whatever
4404,whatsoever
4405,wheat
4406,wheel
4407,whenever
4408,whereas
4409,wherever
4410,whether
4411,whichever
4412,while
4413,whip
4414,whirl
4415,whisky
4416,whisper
4417,whistle
4418,whoever
4419,whole
4420,wholesome
4421,wholly
4422,whom
4423,whose
4424,why
4425,wicked
4426,wide
4427,widespread
4428,widow
4429,width
4430,wild
4431,will
4432,willing
4433,win
4434,wind
4435,window
4436,wine
4437,wing
4438,wink
4439,winter
4440,wipe
4441,wire
4442,wisdom
4443,wise
4444,wish
4445,wit
4446,witch
4447,with
4448,withdraw
4449,withhold
4450,within
4451,without
4452,withstand
4453,witness
4454,wolf
4455,wonder
4456,wood
4457,wooden
4458,wool
4459,word
4460,work
4461,worker
4462,workshop
4463,worldwide
4464,worm
4465,worry
4466,worship
4467,worst
4468,worth
4469,worthwhile
4470,worthy
4471,would
4472,wound
4473,wrap
4474,wreath
4475,wreck
4476,wrench
4477,wretched
4478,wrinkle
4479,wrist
4480,writing
4481,wrong
4482,yard
4483,yawn
4484,year
4485,yearly
4486,yell
4487,yesterday
4488,yet
4489,yield
4490,young
4491,youngster
4492,youth
4493,zeal
4494,zebra
4495,zigzag
4496,zip
4497,zone
4498,zoom
4499,N
4500,Y
